Id,Value
ROW-001,value-1
ROW-002,value-2
ROW-003,value-3
ROW-004,value-4
ROW-005,value-5
ROW-006,value-6
ROW-007,value-7
ROW-008,value-8
ROW-009,value-9
ROW-010,value-10
ROW-011,value-11
ROW-012,value-12
ROW-013,value-13
ROW-014,value-14
ROW-015,value-15
ROW-016,value-16
ROW-017,value-17
ROW-018,value-18
ROW-019,value-19
ROW-020,value-20
ROW-021,value-21
ROW-022,value-22
ROW-023,value-23
ROW-024,value-24
ROW-025,value-25
ROW-026,value-26
ROW-027,value-27
ROW-028,value-28
ROW-029,value-29
ROW-030,value-30
ROW-031,value-31
ROW-032,value-32
ROW-033,value-33
ROW-034,value-34
ROW-035,value-35
ROW-036,value-36
ROW-037,value-37
ROW-038,value-38
ROW-039,value-39
ROW-040,value-40
ROW-041,value-41
ROW-042,value-42
ROW-043,value-43
ROW-044,value-44
ROW-045,value-45
ROW-046,value-46
ROW-047,value-47
ROW-048,value-48
ROW-049,value-49
ROW-050,value-50
ROW-051,value-51
ROW-052,value-52
ROW-053,value-53
ROW-054,value-54
ROW-055,value-55
ROW-056,value-56
ROW-057,value-57
ROW-058,value-58
ROW-059,value-59
ROW-060,value-60
ROW-061,value-61
ROW-062,value-62
ROW-063,value-63
ROW-064,value-64
ROW-065,value-65
ROW-066,value-66
ROW-067,value-67
ROW-068,value-68
ROW-069,value-69
ROW-070,value-70
ROW-071,value-71
ROW-072,value-72
ROW-073,value-73
ROW-074,value-74
ROW-075,value-75
ROW-076,value-76
ROW-077,value-77
ROW-078,value-78
ROW-079,value-79
ROW-080,value-80
ROW-081,value-81
ROW-082,value-82
ROW-083,value-83
ROW-084,value-84
ROW-085,value-85
ROW-086,value-86
ROW-087,value-87
ROW-088,value-88
ROW-089,value-89
ROW-090,value-90
ROW-091,value-91
ROW-092,value-92
ROW-093,value-93
ROW-094,value-94
ROW-095,value-95
ROW-096,value-96
ROW-097,value-97
ROW-098,value-98
ROW-099,value-99
ROW-100,value-100
